Year,Value
1976,null
1977,null
1978,null
1979,null
1980,null
1981,null
1982,null
1983,null
1984,null
1985,null
1986,null
1987,null
1988,null
1989,null
1990,null
1991,null
1992,null
1993,9.9375
1994,null
1995,null
1996,null
1997,null
1998,null
1999,null
2000,2.227941176
2001,null
2002,null
2003,0.485294118
2004,null
2005,null
2006,null
2007,null
2008,null
2009,null
2010,null
2011,1.073529412
2012,null
2013,null
2014,0.503676471
2015,1.0156
2016,null
2017,null
2018,null
2019,null
2020,null
